133472.7,144445.47,169601.38,208478.88,260236.81,322803.03,391029.5,452574.5,467451.5,468287.72,466650.84,468144.9,0.0,61500.0,0.0,17550.0,0.0,16875.0,0.0,0.0,1.3238258e+06,1.3335189e+06,1.3431182e+06,1.3459418e+06,1.3386822e+06,1.3144604e+06,1.2817894e+06,1.2623938e+06,0.0,0.0,579187.44,571098.8,569424.1,0.0,0.0,0.0,0.0,0.0,28202.355,24384.438,20090.723,16094.794,12628.68,9738.8125,7396.9473,5542.799,4104.465,3009.7122,2192.3916,1595.9841,1175.6174,900.32074,759.2345,0.0,0.0,0.0,0.0,0.0,0.0,0.0,0.16974105,0.16185439,0.15531005,0.15186954,0.15328017
134126.86,145639.84,171957.44,212539.5,267506.28,336174.66,418544.9,522039.53,505252.22,496906.1,491993.75,492315.78,0.0,985773.94,1.0059298e+06,1.0530036e+06,1.1176226e+06,1.1901152e+06,1.2627918e+06,1.3232624e+06,1.3585334e+06,1.3881855e+06,1.4067381e+06,1.4138945e+06,1.4083299e+06,1.3801306e+06,1.3264405e+06,1.2869812e+06,1.2783986e+06,0.0,615373.06,604345.75,598689.44,0.0,68420.805,62229.16,53953.695,44700.188,34164.582,27363.12,21887.385,17270.965,13414.285,10259.857,7736.2427,5758.524,4237.7656,3089.112,2236.9607,1617.5319,1179.4706,882.69366,693.0096,558.3489,502.96085,0.0,10.71622,10.487802,10.54917,0.0,0.20196769,0.19161662,0.18220696,0.17645681,0.17697446
138523.19,150702.73,178562.94,221911.47,281236.75,357012.47,447750.06,553194.3,558912.1,549461.25,542598.8,543479.06,0.0,1.0036816e+06,1.0296451e+06,1.0856245e+06,1.1606275e+06,1.2421151e+06,1.3264012e+06,1.3996292e+06,1.4610159e+06,1.5151436e+06,1.541816e+06,1.5536696e+06,1.5588332e+06,1.5274971e+06,1.4144366e+06,1.3437082e+06,1.3141958e+06,0.0,694467.94,675468.1,660164.4,0.0,77465.78,69489.484,60085.21,50344.19,40669.098,32514.879,25676.955,19978.38,15308.161,11559.439,8611.861,6338.194,4614.9746,3330.221,2387.7014,1708.2494,1229.005,901.18365,686.6037,554.64874,499.19382,0.0,12.279245,11.943612,11.926945,0.0,0.28256658,0.26578465,0.2488322,0.23699036,0.23508298
146582.56,159535.77,189077.16,235083.06,298022.06,378311.97,475084.25,572756.44,609371.9,614730.44,614720.75,620120.44,0.0,1.0429334e+06,1.0788031e+06,1.1518029e+06,1.2515101e+06,1.34558e+06,1.4570211e+06,1.5431458e+06,1.5977422e+06,1.6242055e+06,1.634031e+06,1.6395766e+06,1.6472629e+06,1.624649e+06,1.5175476e+06,1.4184045e+06,1.3751179e+06,0.0,822149.4,784641.3,744244.5,0.0,94494.78,85033.78,73689.734,62057.348,50742.418,40518.863,31687.57,24318.664,18352.906,13648.199,10018.957,7270.9834,5224.3657,3722.814,2636.8271,1863.1039,1321.7548,952.606,711.5628,568.42194,508.37833,0.0,16.1912,15.535658,15.25042,0.0,0.43177128,0.40144762,0.3681988,0.34303802,0.33537117
158412.84,172319.17,203820.05,252688.31,318585.62,400038.84,493930.62,589572.3,656564.2,683275.75,705307.06,725423.8,0.0,1.085873e+06,1.1426456e+06,1.2331568e+06,1.3383298e+06,1.4466964e+06,1.5496576e+06,1.6092314e+06,1.6307144e+06,1.636071e+06,1.6415921e+06,1.6517194e+06,1.6631042e+06,1.6499714e+06,1.5787288e+06,1.4951384e+06,1.4459388e+06,0.0,1.0099892e+06,940159.6,826889.44,0.0,122285.75,110803.38,96086.69,80806.03,65926.72,52253.758,40358.24,30497.38,22631.566,16546.223,11949.013,8539.025,6047.413,4251.1255,2972.2283,2073.324,1451.163,1030.105,756.57776,595.29755,527.12537,0.0,23.352991,21.882221,20.747839,0.0,0.6883116,0.6301825,0.5629148,0.5099617,0.4894853
174197.44,189486.8,223518.67,275934.25,346165.72,431914.28,529641.75,630136.0,710138.2,763570.75,812798.8,867135.8,973803.94,1.1126684e+06,1.2019314e+06,1.2928252e+06,1.3882929e+06,1.4860276e+06,1.5701162e+06,1.6146289e+06,1.6294921e+06,1.6366374e+06,1.6477485e+06,1.6646836e+06,1.6821522e+06,1.6818496e+06,1.6473059e+06,1.5850091e+06,1.5196034e+06,1.4392812e+06,1.2626159e+06,1.185756e+06,0.0,0.0,167289.17,150512.4,129559.39,108240.11,87632.78,68671.01,52207.395,38732.484,28206.83,20247.322,14371.033,10107.001,7053.131,4890.9316,3376.137,2326.3088,1608.1598,1126.2941,814.38434,629.52905,549.6943,0.0,35.63104,32.187595,28.384428,0.0,1.122532,1.0059646,0.8678259,0.75834936,0.71102387
193780.25,210832.94,248391.25,305534.62,381764.44,474810.0,581711.0,688314.44,779083.94,843928.3,895881.0,953892.94,1.0276026e+06,1.1778845e+06,1.2594442e+06,1.354056e+06,1.4383336e+06,1.5219855e+06,1.582164e+06,1.6119234e+06,1.6272599e+06,1.6407781e+06,1.6560229e+06,1.6761164e+06,1.6970649e+06,1.7109128e+06,1.7100994e+06,1.7010506e+06,1.6464561e+06,1.5829136e+06,1.4932846e+06,1.3899081e+06,1.4084685e+06,0.0,236922.6,208050.5,176566.52,146234.05,117268.32,90647.4,67681.74,49171.38,35059.83,24677.418,17206.447,11908.861,8191.5317,5606.537,3823.9468,2605.4644,1781.6857,1233.7113,879.2512,664.59814,567.2567,0.0,56.77321,49.022224,36.61007,0.0,1.8634559,1.6182028,1.3317692,1.1106306,1.0105758
216205.16,235575.95,277608.2,341211.5,425274.22,527333.0,640507.0,752138.6,843410.9,900352.0,945082.06,997679.75,1.0883484e+06,1.20549e+06,1.3115314e+06,1.4162002e+06,1.4999519e+06,1.5525131e+06,1.5917776e+06,1.6122971e+06,1.623947e+06,1.6495668e+06,1.6662782e+06,1.6928161e+06,1.7087561e+06,1.725911e+06,1.7398726e+06,1.7481685e+06,1.7468798e+06,1.7518712e+06,1.6950021e+06,1.5370375e+06,1.4750498e+06,0.0,345674.34,285176.34,238312.84,196251.56,155726.8,118376.336,86650.93,61607.324,42966.35,29636.674,20300.62,13835.126,9388.476,6348.965,4283.765,2890.2654,1958.9899,1345.5591,948.6103,693.689,564.4353,0.0,94.093346,79.704254,0.0,0.0,3.1577697,2.6094756,2.0125122,1.5805993,1.3853387
240258.62,262309.1,309599.12,381124.2,475670.6,590218.2,713525.75,826280.06,910486.44,949280.3,980888.2,1.0200749e+06,1.1011754e+06,1.2372566e+06,1.3664341e+06,1.4723361e+06,1.5543524e+06,1.5771914e+06,1.6015342e+06,1.618823e+06,1.6385044e+06,1.6592384e+06,1.6870628e+06,1.7022209e+06,1.7186231e+06,1.7321665e+06,1.7460776e+06,1.7670568e+06,1.7922186e+06,1.8145809e+06,1.8710104e+06,1.6545022e+06,1.5398e+06,0.0,516124.0,367323.03,313002.88,259408.55,204324.48,151507.53,108289.22,75246.336,51343.496,34732.004,23401.525,15727.411,10545.379,7057.0386,4717.507,3156.8335,2125.5544,1456.403,1031.1334,712.8961,508.7327,317.70737,159.44522,107.694046,96.825325,0.0,5.5105495,4.1825857,2.9463773,2.148225,1.801776
264574.6,289439.62,342744.2,423257.28,529875.56,657671.2,793860.2,912964.6,990849.7,1.01174294e+06,1.0259879e+06,1.0415353e+06,0.0,1.3273345e+06,1.4237878e+06,1.5122146e+06,1.5912311e+06,1.6001105e+06,1.6114925e+06,1.6230069e+06,1.6392364e+06,1.6626681e+06,1.6930082e+06,1.726962e+06,1.7271896e+06,1.7365512e+06,1.7478586e+06,1.7694169e+06,1.7959614e+06,1.8273231e+06,1.8877605e+06,1.7155114e+06,1.5463708e+06,1.4168848e+06,0.0,0.0,402849.9,337053.28,260377.28,187301.25,130184.81,88438.79,59188.066,39380.668,26172.695,17390.203,11547.683,7662.923,5084.25,3379.2507,2263.1924,1556.3444,1174.7949,0.0,0.0,0.0,146.52686,114.365204,96.628426,0.0,10.061832,6.5015917,4.0439973,2.7122746,2.176509
287101.38,314885.75,374621.47,465125.2,585862.25,731224.06,887598.75,1.0238903e+06,1.095232e+06,1.1084576e+06,1.1075642e+06,1.1151149e+06,0.0,1.3676079e+06,1.4437729e+06,1.5234878e+06,1.579198e+06,1.5813811e+06,1.5943814e+06,1.6147392e+06,1.6406096e+06,1.6673129e+06,1.6965882e+06,1.7351704e+06,1.7324578e+06,1.7374549e+06,1.7481754e+06,1.7665205e+06,1.790391e+06,1.8101818e+06,1.869659e+06,1.7544192e+06,1.5690359e+06,1.338808e+06,1.0528041e+06,806601.44,570469.94,430869.34,316971.38,218112.27,147916.06,98810.414,65237.277,42913.49,28252.9,18623.904,12283.005,8102.263,5346.1797,3532.9849,2346.7263,1579.9226,1089.5256,723.94727,476.7678,308.05862,186.77954,127.432434,92.920364,53.34816,19.729342,8.997414,4.830409,3.0404472,2.38091
306291.28,336903.78,402580.75,503205.72,638656.94,805841.2,992550.9,1.1577599e+06,1.2337188e+06,1.2347941e+06,1.2249489e+06,1.2350412e+06,1.3057471e+06,1.3768199e+06,1.4494145e+06,1.5069744e+06,1.545951e+06,1.5478179e+06,1.5701638e+06,1.5958401e+06,1.6319235e+06,1.6689164e+06,1.6973299e+06,1.7203871e+06,1.7279191e+06,1.7370529e+06,1.7461858e+06,1.7612001e+06,1.7785706e+06,1.7850129e+06,1.7868634e+06,1.7023921e+06,1.5365889e+06,1.3202412e+06,1.0487802e+06,827094.4,634848.3,476477.84,342396.2,232936.56,156871.08,104155.61,68410.22,44786.15,29354.207,19272.184,12664.807,8326.558,5476.341,3605.1511,2379.7488,1580.2079,1057.1564,701.82587,462.94492,303.26666,198.23204,138.77179,111.37995,0.0,10.249824,6.677078,4.2057996,2.863679,2.3247938
320498.2,353440.28,424001.9,533767.56,683953.75,875197.6,1.0906239e+06,1.2839185e+06,1.3652725e+06,1.3745272e+06,1.3524358e+06,1.3437441e+06,1.3607414e+06,1.405347e+06,1.415434e+06,1.4258166e+06,1.4408429e+06,1.4808639e+06,1.5118015e+06,1.5425792e+06,1.5756754e+06,1.624957e+06,1.6694158e+06,1.710724e+06,1.7243132e+06,1.7385636e+06,1.7451959e+06,1.7545829e+06,1.758404e+06,1.7650386e+06,1.7955969e+06,1.5998032e+06,1.4103582e+06,1.2029778e+06,986922.2,793735.1,618737.25,465187.0,330676.22,229101.38,155592.73,103740.46,68309.12,44771.91,29348.88,19262.736,12652.085,8312.685,5462.187,3590.1792,2362.2222,1557.841,1030.0647,680.30457,448.65085,296.47656,199.3007,143.20776,118.82507,0.0,5.9317102,4.5730944,3.3023145,2.4772882,2.1215484
327064.2,361298.56,434634.22,549826.06,710506.0,920530.9,1.1392692e+06,1.3343315e+06,1.4152748e+06,1.434885e+06,1.4007796e+06,1.3660312e+06,1.3457631e+06,1.3460616e+06,1.3212771e+06,1.3220569e+06,1.3306371e+06,0.0,1.411164e+06,1.4542382e+06,1.5030906e+06,1.5574064e+06,1.6012001e+06,1.6501432e+06,1.6800264e+06,1.6894409e+06,1.6873958e+06,1.6863936e+06,1.6713661e+06,1.6380042e+06,1.5657345e+06,1.406089e+06,1.2259135e+06,1.04527394e+06,871489.2,707781.2,555164.0,416733.94,302530.56,213292.23,146548.05,98498.305,65312.68,43018.57,28295.79,18620.896,12256.626,8066.615,5307.14,3490.3516,2295.3015,1510.0632,994.1353,654.54706,431.45935,286.3469,194.77518,141.9631,119.384514,0.0,3.9152088,3.3034492,2.6325436,2.142033,1.9236534
324761.88,358462.47,430387.7,543840.94,704261.25,908534.7,1.1182135e+06,1.2769541e+06,1.3496971e+06,1.3653352e+06,1.3236389e+06,1.2672668e+06,1.2167224e+06,1.1980456e+06,1.2465134e+06,1.2654915e+06,1.2737752e+06,1.2665286e+06,1.3001419e+06,1.3565351e+06,1.4302979e+06,1.478323e+06,1.4873099e+06,1.5308166e+06,1.5508822e+06,1.568972e+06,1.5515611e+06,1.5375508e+06,1.5113442e+06,1.4528095e+06,1.3441601e+06,1.1961886e+06,1.0393873e+06,886160.06,741504.44,605255.25,478186.7,363519.7,267637.06,190943.42,132445.94,89921.23,60157.637,39901.098,26389.877,17450.92,11535.5,7620.2363,5029.3115,3315.938,2184.188,1437.6678,945.87866,622.3159,410.24713,272.77487,186.30417,136.37279,114.9922,0.0,3.1489627,2.7741354,2.3340154,1.990834,1.8381349
314120.62,344908.5,410418.56,512217.53,652500.56,819961.8,992586.2,1.1276618e+06,1.1862554e+06,1.1836659e+06,1.1315772e+06,1.0863995e+06,1.0930182e+06,1.0158409e+06,0.0,0.0,0.0,0.0,1.2050145e+06,1.2497109e+06,0.0,0.0,1.333974e+06,1.3514019e+06,1.3629546e+06,1.3698645e+06,1.3931965e+06,1.3135776e+06,1.2811289e+06,1.2220439e+06,1.1286136e+06,999584.7,863148.9,734484.44,616166.44,506709.78,404160.38,310120.44,230207.12,165740.9,116120.1,79528.59,53652.68,35868.37,23890.824,15902.241,10574.854,7023.421,4657.688,3083.6782,2038.1165,1344.9122,886.30457,583.73,385.09317,256.14127,174.73335,127.19279,106.255005,0.0,0.0,0.0,0.0,0.0,0.0
297711.12,323874.38,379234.7,462951.84,572735.6,695439.1,812275.2,903936.7,952740.1,952523.75,922165.3,891431.56,0.0,796396.94,739484.5,762112.06,838254.4,956048.2,1.1074301e+06,1.1673464e+06,1.1240105e+06,1.1172948e+06,1.1701164e+06,1.1821992e+06,1.1832062e+06,1.178129e+06,0.0,1.058619e+06,1.03879e+06,994279.1,924695.56,815200.9,701027.0,595562.4,500164.25,413541.38,332990.6,258383.84,193101.08,139961.08,98949.75,68324.805,46482.25,31356.244,21068.355,14138.148,9472.607,6334.7007,4227.1807,2814.2617,1869.0764,1238.355,818.66986,540.4106,356.9381,237.20515,160.7989,114.785614,92.383865,0.0,16.727312,12.734378,9.335191,7.191915,6.2872486
279401.03,300486.56,344770.34,408668.3,488442.7,575052.6,656680.06,721160.6,759460.0,760087.2,736751.06,699974.0,637667.0,662343.44,685010.1,734388.5,816055.7,927951.56,1.0543959e+06,1.0886335e+06,1.0594242e+06,1.04759194e+06,1.054568e+06,1.0506744e+06,1.0338438e+06,1.0091888e+06,0.0,837504.4,825438.9,791460.6,733975.9,645580.25,555032.44,470677.5,394804.94,327209.5,265552.84,208386.42,157175.98,114938.33,81872.414,57087.07,39240.06,26760.4,18171.887,12314.107,8324.883,5613.197,3773.9846,2529.6924,1690.2518,1125.6791,747.2863,494.7598,327.23,217.06981,145.60402,99.957985,69.92254,41.334106,22.746456,14.233051,9.646471,7.185968,6.2005143
264700.22,281243.16,316148.0,363530.22,416742.62,468886.44,521972.44,567065.56,597353.75,599346.5,583414.56,569280.1,581103.1,569060.06,644403.56,713913.06,796271.56,890711.1,976333.8,994288.6,1.0077053e+06,1.0048834e+06,999811.56,983199.25,943332.0,856128.3,655002.94,648991.44,639886.94,614029.25,565880.9,498693.4,429708.94,364219.28,304849.56,252206.64,204913.02,161928.0,123657.22,91628.055,66032.984,46588.074,32435.709,22409.457,15412.766,10565.002,7217.3286,4913.002,3332.066,2251.1255,1514.6462,1014.70264,676.71075,449.37885,297.54346,197.02266,131.10962,88.073235,59.209476,37.707954,23.20186,14.706139,9.851117,7.2450247,6.2055674
258614.42,272010.6,300884.97,337544.34,371175.44,381463.78,407942.0,436541.8,458177.72,461629.12,452774.0,446950.25,0.0,426207.12,0.0,0.0,0.0,0.0,843908.44,839931.9,0.0,0.0,0.0,0.0,0.0,0.0,479326.5,483810.78,482301.38,464715.53,427122.6,378254.75,326747.5,276930.72,231359.94,190837.78,155107.62,123481.164,95243.79,71447.68,52214.715,37395.31,26458.209,18569.102,12959.794,9000.108,6220.941,4280.109,2931.03,1997.4342,1354.1116,912.66565,611.14996,406.54498,269.0956,177.79477,117.75967,78.461044,52.395428,34.403763,22.256031,14.535711,9.868494,7.2905407,6.2500696
0.0,0.0,0.0,0.0,0.0,302742.12,313719.12,329431.03,343409.28,347408.56,344762.66,343375.03,0.0,303026.0,271330.34,296284.3,376497.16,499317.75,647274.1,643275.44,474566.75,356673.9,273848.44,231034.28,220169.27,245574.52,321144.03,347166.75,354077.94,343135.84,317177.66,282741.53,244910.28,207588.42,173108.38,142502.72,115896.445,92741.36,72447.78,55164.56,41017.51,29936.115,21588.758,15423.802,10935.746,7701.877,5391.025,3751.3767,2595.2134,1784.5029,1218.8135,825.79785,554.0245,367.70593,242.36671,159.48264,105.384895,70.36096,47.544937,31.978651,21.326937,14.284237,9.865588,7.362818,6.34129
0.0,13034.739,16736.74,25826.55,0.0,231534.25,236165.08,244698.1,252852.9,256859.89,257500.45,258265.7,0.0,231870.17,230670.8,254750.23,307583.22,378239.28,441662.97,440315.62,370161.1,295246.47,237638.3,204018.88,192904.42,204190.1,232850.69,250383.45,256125.94,250265.36,233544.47,209818.4,182627.05,154853.11,128973.02,106038.42,86493.67,69969.18,55568.78,43146.605,32773.05,24447.135,17985.215,13080.702,9421.6045,6728.5723,4768.418,3354.9194,2343.6985,1625.1028,1117.1123,759.2134,507.6874,332.70282,216.58597,141.43959,93.49434,63.366417,44.616947,30.927135,21.068182,14.33885,10.018738,7.5343776,6.5137987
0.0,10255.481,12120.222,15370.125,0.0,173217.89,174883.61,179497.92,184416.02,187819.81,189653.6,191529.86,0.0,179175.56,184143.45,202965.14,235974.33,275508.66,304610.16,302999.78,269832.8,226786.98,190705.84,167496.72,157850.12,161626.28,174289.78,184335.78,187925.81,183891.23,173312.36,157350.75,137987.6,117249.96,97407.49,79735.21,65547.5,54605.695,44583.52,35470.902,27548.855,20973.922,15706.692,11601.279,8469.176,6119.9683,4382.188,3111.365,2190.8625,1529.161,1055.8131,717.2808,473.56558,297.83002,188.85408,122.12622,81.25639,57.070488,45.29087,0.0,0.0,0.0,0.0,0.0,0.0
0.0,7290.5894,8140.587,9642.519,0.0,129205.22,129403.45,131703.28,134698.72,137409.08,139429.86,141699.03,0.0,136239.19,140673.2,153357.86,172903.28,194164.81,207974.72,206555.95,190281.25,166944.39,145469.17,130722.78,123959.02,126057.46,135257.4,142244.0,143924.97,139647.8,133981.16,123354.336,109278.28,93087.87,76597.86,61155.348,50933.7,46417.06,39398.934,32062.266,25316.621,19530.3,14787.204,11024.482,8112.79,5903.1987,4252.576,3035.3296,2147.103,1504.1594,1040.6476,704.88074,454.5956,249.25282,153.08478,99.492874,67.63438,49.331676,41.245693,0.0,0.0,0.0,0.0,0.0,0.0
0.0,4925.2886,5460.9087,7036.337,0.0,98679.234,98118.55,99112.4,100906.13,102887.89,104800.08,106977.7,0.0,101168.586,104005.36,111762.47,122866.67,134042.28,140871.7,139974.25,131543.25,119017.234,106758.74,97929.67,94191.73,97791.27,114131.76,121594.62,121313.23,110959.01,113528.93,107117.414,95832.93,81711.875,65631.64,46400.066,38371.492,0.0,0.0,0.0,0.0,0.0,0.0,0.0,0.0,0.0,0.0,0.0,0.0,0.0,0.0,0.0,0.0,136.11038,102.67256,73.652405,53.319542,40.94854,35.59853,0.0,0.0,0.0,0.0,0.0,0.0
0.0,3050.4377,3144.326,0.0,0.0,80217.555,79319.67,79612.01,80679.61,82163.49,83866.945,85868.57,0.0,73284.51,74906.805,79473.49,85696.54,91636.2,95088.61,94500.3,89990.45,83222.164,76377.19,71226.72,68836.3,69580.21,0.0,0.0,0.0,83316.0,0.0,0.0,0.0,0.0,0.0,27475.424,22497.52,13232.79,8344.353,5476.3457,3670.5989,2485.108,1689.0979,1148.7603,780.44073,529.3261,358.55936,243.06271,165.74124,115.045135,83.41267,66.419914,62.80079,76.35389,66.920395,53.05908,41.333473,33.59654,30.263042,0.0,0.0,0.0,0.0,0.0,0.0
0.0,1749.328,1605.1547,1086.9984,0.0,72461.95,71443.57,71440.77,72175.555,73402.19,74966.74,76870.98,0.0,51615.684,52748.707,55645.46,59294.08,62571.715,64390.67,64052.16,61643.9,58000.01,54223.684,51282.918,49812.32,50000.605,0.0,240.6958,0.0,62691.68,0.0,0.0,0.0,0.0,0.0,16901.826,14389.674,10504.644,7371.7686,5108.6763,3521.4097,2418.8694,1656.425,1130.871,769.7674,522.5615,354.1007,240.03499,163.5948,113.34295,81.61314,63.4005,55.38433,54.066097,48.359505,40.588264,33.48544,28.552261,26.472675,0.0,0.0,0.0,0.0,0.0,0.0
0.0,996.47644,906.3478,767.21277,0.0,0.0,0.0,0.0,0.0,0.0,0.0,0.0,0.0,34633.348,36298.37,38847.332,41373.69,43373.92,44422.93,44267.18,42991.02,41019.0,38931.293,37274.082,36435.004,36583.016,0.0,126.774704,0.0,47728.008,37256.43,30303.938,26226.926,24652.354,0.0,10940.963,9893.432,8666.682,6690.199,4877.098,3453.5056,2406.4575,1660.6022,1138.4352,776.6975,527.96265,358.0456,242.82124,165.4997,114.52844,82.030075,62.590725,52.14931,46.71552,41.326195,35.469063,30.171577,26.44194,24.922852,0.0,0.0,0.0,0.0,0.0,0.0
0.0,576.63055,535.7381,501.42673,0.0,645.32965,781.56934,1093.7551,1645.4858,2566.3655,4097.0054,6693.45,11283.85,19975.195,24193.35,27651.395,29901.324,31318.83,32001.896,31950.553,31257.914,30162.11,28987.59,28055.424,27612.197,27796.176,0.0,67.07509,0.0,0.0,0.0,0.0,0.0,0.0,0.0,7395.3706,7124.9316,0.0,0.0,0.0,0.0,0.0,0.0,0.0,0.0,0.0,0.0,0.0,0.0,0.0,0.0,0.0,0.0,0.0,0.0,0.0,0.0,0.0,0.0,0.0,0.0,0.0,0.0,0.0,0.0
0.0,344.672,330.62714,330.75885,0.0,577.2244,713.2338,1000.1853,1489.5387,2280.6982,3537.2915,5510.4814,8526.486,12716.316,16383.54,21697.92,23619.367,24559.074,24979.717,24950.805,24538.234,23882.572,23179.725,22633.436,22412.25,22626.309,0.0,38.120464,0.0,0.0,80.95161,86.390686,97.567566,108.90865,0.0,5051.032,4983.5254,0.0,0.0,0.0,0.0,0.0,0.0,0.0,0.0,0.0,0.0,0.0,0.0,0.0,0.0,0.0,0.0,0.0,0.0,0.0,0.0,0.0,0.0,0.0,0.0,0.0,0.0,0.0,0.0
0.0,216.69211,218.59901,244.22289,309.75986,455.7894,618.05865,872.4955,1274.9296,1892.4266,2811.6038,4126.8037,5878.4067,7871.124,9351.749,0.0,21810.86,21952.908,22111.38,22049.947,21739.734,21261.48,20754.088,20371.543,20248.59,20480.537,0.0,28.17545,0.0,0.0,84.60541,93.51127,111.76682,132.16185,0.0,3415.068,3407.191,0.0,0.0,0.0,0.0,0.0,0.0,0.0,0.0,0.0,0.0,0.0,0.0,0.0,0.0,0.0,0.0,0.0,0.0,0.0,0.0,0.0,0.0,0.0,0.0,0.0,0.0,0.0,0.0
0.0,142.76808,150.7598,185.74388,283.5189,403.85437,540.3522,745.6194,1056.0261,1507.3577,2133.2263,2945.9482,3886.8242,4727.4043,4924.933,3452.0776,0.0,0.0,0.0,0.0,0.0,0.0,0.0,0.0,0.0,0.0,0.0,0.0,0.0,0.0,91.971306,108.55249,144.15446,194.7866,0.0,2224.3386,2259.4346,0.0,0.0,0.0,0.0,0.0,0.0,0.0,0.0,0.0,0.0,0.0,0.0,0.0,0.0,0.0,0.0,0.0,0.0,0.0,0.0,0.0,0.0,0.0,0.0,0.0,0.0,0.0,0.0
0.0,96.65479,100.5335,112.670044,0.0,412.7399,491.27628,642.8876,873.7293,1194.7706,1610.2535,2101.482,2600.2478,2955.5774,2925.8948,2303.2341,1526.9623,1179.7434,1052.1372,0.0,0.0,0.0,0.0,0.0,0.0,0.23780164,0.22112995,0.214184,0.0,87.55728,96.36861,124.36535,187.23004,335.3045,772.3967,1286.506,1439.3369,0.0,0.0,0.0,0.0,0.0,0.0,0.0,0.0,0.0,0.0,0.0,0.0,0.0,0.0,0.0,0.0,0.0,0.0,0.0,0.0,0.0,0.0,0.0,0.0,0.0,0.0,0.0,0.0
0.0,70.35508,71.590645,76.53943,0.0,404.8755,458.55847,574.29144,750.93604,987.50195,1275.3308,1588.1243,1870.9576,2035.6289,1981.8672,1676.8806,1299.5385,1119.8844,1032.7797,0.0,0.0,0.0,0.0,0.0,0.0,0.2931544,0.2598635,0.24263102,0.0,88.515045,99.33968,127.74603,177.9462,243.95135,0.0,921.3716,960.9372,0.0,0.0,0.0,0.0,0.0,0.0,0.0,0.0,0.0,0.0,0.0,0.0,0.0,0.0,0.0,0.0,0.0,0.0,0.0,0.0,0.0,0.0,0.0,0.0,0.0,0.0,0.0,0.0
0.0,59.8124,60.017296,62.815014,0.0,403.81125,447.95935,547.50037,699.10876,897.2368,1128.698,1366.3375,1564.6982,1663.8508,1610.3684,1397.7168,1091.67,0.0,0.0,0.0,0.0,0.0,0.0,0.0,0.0,0.44383097,0.3524166,0.30658633,0.0,0.0,0.0,0.0,0.0,0.0,0.0,639.52985,650.08246,0.0,0.0,0.0,0.0,0.0,0.0,0.0,0.0,0.0,0.0,0.0,0.0,0.0,0.0,0.0,0.0,0.0,0.0,0.0,0.0,0.0,0.0,0.0,0.0,0.0,0.0,0.0,0.0
0.0,0.0,0.0,0.0,0.0,0.0,0.0,0.0,0.0,0.0,0.0,0.0,0.0,0.0,0.0,0.0,724.81647,0.0,17.588814,13.600415,9.452603,6.2234035,3.9723155,2.473911,1.4809653,0.7760338,0.4912959,0.38986477,0.0,6.8746614,7.8792706,10.1749935,13.573467,17.024664,0.0,433.71167,437.72964,0.0,0.0,0.0,0.0,0.0,0.0,0.0,0.0,0.0,0.0,0.0,0.0,0.0,0.0,0.0,0.0,0.0,0.0,0.0,0.0,0.0,0.0,0.0,0.0,0.0,0.0,0.0,0.0
0.0,0.0,0.0,0.0,0.0,0.0,0.0,0.0,0.0,0.0,0.0,0.0,0.0,0.0,82.34858,0.0,432.31958,0.0,23.67971,15.963317,10.099667,6.3027277,3.913559,2.4135473,1.4681119,0.876506,0.5715059,0.4530013,0.0,6.723122,7.8768573,10.704425,15.656929,22.457605,0.0,283.54004,289.59824,0.0,0.0,0.0,0.0,0.0,0.0,0.0,0.0,0.0,0.0,0.0,0.0,0.0,0.0,0.0,0.0,0.0,0.0,0.0,0.0,0.0,0.0,0.0,0.0,0.0,0.0,0.0,0.0
0.0,0.0,0.0,0.0,0.0,0.0,0.0,0.0,0.0,0.0,0.0,0.0,0.0,0.0,88.80391,116.85218,184.95242,107.17309,41.180397,19.661573,10.755712,6.309533,3.8209476,2.343145,1.4439663,0.90289485,0.6093846,0.4914293,0.0,6.5314326,7.809095,11.243848,18.938873,38.117226,97.272644,167.01044,188.07289,0.0,0.0,0.0,0.0,0.0,0.0,0.0,0.0,0.0,0.0,0.0,0.0,0.0,0.0,0.0,0.0,0.0,0.0,0.0,0.0,0.0,0.0,0.0,0.0,0.0,0.0,0.0,0.0
0.0,0.0,0.0,0.0,0.0,0.0,0.0,0.0,0.0,0.0,0.0,0.0,0.0,0.0,80.99603,94.37983,116.852196,0.0,21.989958,14.604238,9.143828,5.6919646,3.5535114,2.2246015,1.400278,0.90149915,0.625659,0.5135958,0.0,6.145202,7.177015,9.751869,14.371558,20.88735,0.0,129.07648,134.50604,0.0,0.0,0.0,0.0,0.0,0.0,0.0,0.0,0.0,0.0,0.0,0.0,0.0,0.0,0.0,0.0,0.0,0.0,0.0,0.0,0.0,0.0,0.0,0.0,0.0,0.0,0.0,0.0
0.0,0.0,0.0,0.0,0.0,0.0,0.0,0.0,0.0,0.0,0.0,0.0,0.0,0.0,72.52129,80.99603,88.80391,0.0,13.617847,10.545429,7.4114003,4.975088,3.2598987,2.108542,1.3614562,0.8977823,0.63676524,0.53014606,0.0,5.750984,6.475276,8.167883,10.711196,13.362751,0.0,104.63165,106.05312,0.0,0.0,0.0,0.0,0.0,0.0,0.0,0.0,0.0,0.0,0.0,0.0,0.0,0.0,0.0,0.0,0.0,0.0,0.0,0.0,0.0,0.0,0.0,0.0,0.0,0.0,0.0,0.0
0.0,0.0,0.0,0.0,0.0,0.0,0.0,0.0,0.0,0.0,0.0,0.0,0.0,0.0,67.121025,0.0,82.34858,0.0,10.515945,8.715104,6.5414877,4.613346,3.128487,2.0724921,1.3623358,0.9120346,0.65527135,0.55003095,0.0,5.5962577,6.146733,7.3924856,9.0749035,10.585497,0.0,94.40065,94.858215,0.0,0.0,0.0,0.0,0.0,0.0,0.0,0.0,0.0,0.0,0.0,0.0,0.0,0.0,0.0,0.0,0.0,0.0,0.0,0.0,0.0,0.0,0.0,0.0,0.0,0.0,0.0,0.0
