8.3026555e+06,9.000702e+06,1.0586612e+07,1.3033604e+07,1.6272671e+07,2.0120168e+07,2.411534e+07,2.7204972e+07,2.7268018e+07,2.6569984e+07,2.5954406e+07,2.5767294e+07,0.0,3.075e+06,0.0,877500.0,0.0,843750.0,0.0,0.0,6.6361084e+07,6.679107e+07,6.723927e+07,6.737911e+07,6.704709e+07,6.590047e+07,6.43351e+07,6.3400216e+07,0.0,0.0,2.8165672e+07,2.7773734e+07,2.770164e+07,0.0,0.0,0.0,0.0,0.0,1.369259e+06,1.1755196e+06,960420.25,763209.6,594577.94,455766.8,344503.9,257208.78,189981.58,139099.17,101267.54,73739.51,54371.48,41699.625,35206.938,0.0,0.0,0.0,0.0,0.0,0.0,0.0,8.388363,8.00194,7.681591,7.513563,7.583404
8.278359e+06,9.007697e+06,1.0654563e+07,1.3215456e+07,1.6685862e+07,2.1038418e+07,2.6151746e+07,3.1436066e+07,2.9338936e+07,2.7923162e+07,2.7078218e+07,2.6822784e+07,0.0,5.0180364e+07,5.117481e+07,5.3491504e+07,5.6649924e+07,6.017594e+07,6.3670136e+07,6.6542628e+07,6.815535e+07,6.950796e+07,7.0394504e+07,7.0749096e+07,7.050247e+07,6.919554e+07,6.6621804e+07,6.46831e+07,6.426083e+07,0.0,2.9939006e+07,2.9400198e+07,2.9141288e+07,0.0,3.5809802e+06,3.2082428e+06,2.72919e+06,2.2199528e+06,1.6668202e+06,1.3172076e+06,1.04237575e+06,815296.94,628674.5,478060.25,358869.28,266271.1,195547.42,142396.44,103104.3,74607.67,54480.63,40852.17,32140.549,25947.605,23400.88,0.0,517.6832,506.80936,509.76715,0.0,9.968484,9.4620695,9.002045,8.721341,8.7475605
8.401987e+06,9.168839e+06,1.0891818e+07,1.3587736e+07,1.7311794e+07,2.2148808e+07,2.794955e+07,3.3023494e+07,3.1898788e+07,3.0230446e+07,2.9292114e+07,2.9068216e+07,0.0,5.1112576e+07,5.239641e+07,5.5177336e+07,5.885131e+07,6.2816504e+07,6.6874936e+07,7.037034e+07,7.332554e+07,7.575743e+07,7.708901e+07,7.767942e+07,7.793512e+07,7.6584216e+07,7.117254e+07,6.762523e+07,6.6114596e+07,0.0,3.3815996e+07,3.2884502e+07,3.2152704e+07,0.0,4.100974e+06,3.577561e+06,3.0196572e+06,2.4795565e+06,1.9683769e+06,1.5515829e+06,1.2116581e+06,934522.3,711207.06,534274.2,396558.1,291156.2,211732.36,152754.61,109596.25,78524.69,56617.12,41627.316,31808.137,25762.535,23220.188,0.0,592.2371,576.3052,575.56226,0.0,13.916825,13.097682,12.2703905,11.692856,11.600762
8.638664e+06,9.435475e+06,1.1214852e+07,1.3984141e+07,1.7785212e+07,2.2643276e+07,2.8378228e+07,3.3019678e+07,3.3581904e+07,3.2854216e+07,3.2359874e+07,3.2420326e+07,0.0,5.313039e+07,5.4931732e+07,5.862156e+07,6.3496556e+07,6.8062984e+07,7.3456904e+07,7.749802e+07,8.0089784e+07,8.121138e+07,8.1698584e+07,8.19712e+07,8.235056e+07,8.1693496e+07,7.672737e+07,7.150654e+07,6.9204856e+07,0.0,4.009243e+07,3.822165e+07,3.6255884e+07,0.0,4.9975735e+06,4.323758e+06,3.6468792e+06,3.0077745e+06,2.4178372e+06,1.9049396e+06,1.47459e+06,1.1230506e+06,842783.6,624225.25,457023.72,331222.66,237942.88,169689.92,120388.055,85266.32,60674.824,43884.125,32903.008,26371.686,23629.174,0.0,778.5564,747.5527,734.094,0.0,21.21507,19.73838,18.118723,16.893024,16.520344
8.977109e+06,9.798715e+06,1.1616028e+07,1.4403656e+07,1.8142256e+07,2.2722608e+07,2.7755454e+07,3.2226696e+07,3.47283e+07,3.560332e+07,3.622501e+07,3.713333e+07,0.0,5.5370116e+07,5.821746e+07,6.2841224e+07,6.7961736e+07,7.320651e+07,7.800917e+07,8.067455e+07,8.161679e+07,8.180364e+07,8.207406e+07,8.257258e+07,8.313145e+07,8.2993784e+07,7.990162e+07,7.5372296e+07,7.261683e+07,0.0,4.924152e+07,4.574758e+07,4.0273156e+07,0.0,6.205345e+06,5.480084e+06,4.650904e+06,3.8381662e+06,3.081922e+06,2.4131958e+06,1.8478934e+06,1.3880034e+06,1.0257679e+06,748047.0,539530.56,385519.28,273295.2,192484.2,134940.45,94446.445,66365.38,47316.016,34910.203,27578.857,24475.299,0.0,1118.8085,1049.4634,995.8609,0.0,33.73864,30.914196,27.643084,25.066877,24.071054
9.42297e+06,1.0275622e+07,1.2143787e+07,1.4974058e+07,1.8710506e+07,2.3192548e+07,2.806988e+07,3.2682776e+07,3.635319e+07,3.8885092e+07,4.09569e+07,4.383597e+07,4.940118e+07,5.6837556e+07,6.137643e+07,6.6007252e+07,7.062407e+07,7.5177624e+07,7.891532e+07,8.085478e+07,8.1484344e+07,8.183142e+07,8.237793e+07,8.321496e+07,8.407372e+07,8.435494e+07,8.309685e+07,7.998078e+07,7.584282e+07,7.08788e+07,6.157835e+07,5.7552904e+07,0.0,0.0,8.1477205e+06,7.248663e+06,6.1403955e+06,5.0397755e+06,4.0157112e+06,3.110456e+06,2.3489978e+06,1.736502e+06,1.2618934e+06,904984.2,642489.94,452422.75,316422.5,220087.64,152488.47,105522.59,73295.695,51597.664,37503.477,29124.06,25497.064,0.0,1700.193,1538.3253,1358.6783,0.0,54.885574,49.233997,42.528378,37.20981,34.909866
9.977929e+06,1.0877235e+07,1.2831429e+07,1.5769094e+07,1.961988e+07,2.4222216e+07,2.9298748e+07,3.4132396e+07,3.849911e+07,4.198961e+07,4.4768316e+07,4.802989e+07,5.1964084e+07,6.012789e+07,6.454977e+07,6.920043e+07,7.3257e+07,7.688117e+07,7.944855e+07,8.071744e+07,8.13709e+07,8.203708e+07,8.278807e+07,8.377631e+07,8.480122e+07,8.554864e+07,8.5776696e+07,8.543889e+07,8.190364e+07,7.759291e+07,7.191868e+07,6.709937e+07,6.803381e+07,0.0,1.1319646e+07,9.860036e+06,8.231165e+06,6.683118e+06,5.265332e+06,4.02205e+06,2.9877932e+06,2.1698255e+06,1.5486785e+06,1.0915174e+06,762523.3,529172.8,365252.28,251018.38,172004.84,117796.06,80995.33,56407.266,40429.945,30711.918,26290.316,0.0,2697.381,2334.5813,1748.4828,0.0,90.87207,79.00711,65.12788,54.400585,49.5434
1.0632677e+07,1.1601099e+07,1.3691234e+07,1.6821592e+07,2.0910138e+07,2.5769096e+07,3.1061022e+07,3.6274164e+07,4.1033856e+07,4.45683e+07,4.7248276e+07,5.027155e+07,5.509974e+07,6.128782e+07,6.704604e+07,7.233922e+07,7.6155704e+07,7.833173e+07,7.990966e+07,8.071979e+07,8.1206616e+07,8.247721e+07,8.330317e+07,8.4598e+07,8.536054e+07,8.615319e+07,8.682729e+07,8.707031e+07,8.62809e+07,8.506657e+07,8.069483e+07,7.402801e+07,7.1299336e+07,0.0,1.6394756e+07,1.3415514e+07,1.0975468e+07,8.819036e+06,6.85516e+06,5.1519485e+06,3.7572482e+06,2.676957e+06,1.8756972e+06,1.2993752e+06,893535.8,611463.2,416838.97,283304.3,192186.53,130416.66,88930.11,61460.094,43584.316,32032.533,26148.732,0.0,4449.739,3783.0977,0.0,0.0,153.55264,127.08395,98.21068,77.29062,67.823364
1.1358391e+07,1.2420189e+07,1.470047e+07,1.812051e+07,2.2600172e+07,2.7912066e+07,3.368086e+07,3.9300372e+07,4.408645e+07,4.6911828e+07,4.895394e+07,5.1293308e+07,5.565691e+07,6.2702496e+07,6.943899e+07,7.4738184e+07,7.853441e+07,7.9296376e+07,8.026537e+07,8.0998584e+07,8.193794e+07,8.297161e+07,8.436163e+07,8.508761e+07,8.585304e+07,8.645299e+07,8.700981e+07,8.7775016e+07,8.848253e+07,8.889655e+07,9.077912e+07,8.0288776e+07,7.4803704e+07,0.0,2.4537126e+07,1.727692e+07,1.4256027e+07,1.1436005e+07,8.769172e+06,6.462248e+06,4.618965e+06,3.2272385e+06,2.2212032e+06,1.5140382e+06,1.0261634e+06,693290.06,467355.75,314517.4,211491.61,142398.97,96492.84,66537.78,47377.73,32905.305,23578.209,14794.398,7500.0254,5108.465,4613.0596,0.0,267.14487,203.17058,143.48665,104.88493,88.10787
1.2099057e+07,1.3274441e+07,1.5789891e+07,1.9590572e+07,2.4619122e+07,3.0635004e+07,3.7191024e+07,4.347316e+07,4.8197216e+07,5.022913e+07,5.1302144e+07,5.225614e+07,0.0,6.70231e+07,7.1976856e+07,7.634605e+07,8.001825e+07,8.016741e+07,8.065107e+07,8.1198024e+07,8.2015944e+07,8.318068e+07,8.467899e+07,8.635664e+07,8.630626e+07,8.670569e+07,8.717019e+07,8.804509e+07,8.9000136e+07,8.9971496e+07,9.178906e+07,8.398398e+07,7.5563144e+07,6.918139e+07,0.0,0.0,1.8065884e+07,1.4542684e+07,1.0902392e+07,7.843018e+06,5.4859525e+06,3.7652862e+06,2.5509128e+06,1.7147009e+06,1.1479624e+06,767232.2,512334.06,341946.94,228248.17,152659.73,102904.13,71217.06,54023.395,0.0,0.0,0.0,6945.692,5445.39,4615.1226,0.0,486.22168,315.03223,196.58098,132.26067,106.3439
1.2770103e+07,1.4067258e+07,1.6842524e+07,2.1079792e+07,2.6773828e+07,3.372195e+07,4.1506344e+07,4.9253772e+07,5.3817796e+07,5.5296948e+07,5.5597764e+07,5.5994828e+07,0.0,6.871254e+07,7.243219e+07,7.631808e+07,7.901173e+07,7.904484e+07,7.975299e+07,8.082546e+07,8.212899e+07,8.34568e+07,8.4895304e+07,8.678588e+07,8.660239e+07,8.682097e+07,8.732532e+07,8.827266e+07,8.922029e+07,8.99298e+07,9.192493e+07,8.63165e+07,7.703709e+07,6.532805e+07,5.0768604e+07,3.782493e+07,2.548489e+07,1.8238528e+07,1.2987449e+07,9.08572e+06,6.234725e+06,4.2173565e+06,2.8220652e+06,1.876909e+06,1.2449638e+06,825328.4,547199.56,362928.16,240862.64,160142.64,107044.27,72526.04,50320.887,33690.83,22343.156,14530.702,8864.525,6081.5005,4451.5576,2561.076,950.3166,435.11746,234.55623,148.18561,116.3024
1.3271069e+07,1.4672452e+07,1.7682108e+07,2.2340988e+07,2.8706176e+07,3.666907e+07,4.5966436e+07,5.557349e+07,6.1006892e+07,6.207153e+07,6.1687524e+07,6.2048428e+07,6.543667e+07,6.895069e+07,7.242095e+07,7.5174584e+07,7.705745e+07,7.7237976e+07,7.849816e+07,7.988134e+07,8.17394e+07,8.357305e+07,8.495812e+07,8.607349e+07,8.640628e+07,8.686899e+07,8.7326456e+07,8.809536e+07,8.898691e+07,8.933201e+07,8.912962e+07,8.498685e+07,7.634774e+07,6.4968068e+07,5.0949016e+07,3.868477e+07,2.8224828e+07,2.0240646e+07,1.4250083e+07,9.846043e+06,6.699098e+06,4.498564e+06,2.9913872e+06,1.9775145e+06,1.3045535e+06,860602.25,568064.6,375273.84,248114.77,164260.36,109071.59,72867.36,49046.96,32774.02,21759.27,14344.491,9434.596,6641.9966,5350.1055,0.0,495.44113,323.6436,204.52635,139.69974,113.63107
1.3509014e+07,1.4972453e+07,1.8127086e+07,2.307231e+07,2.991021e+07,3.8660684e+07,4.9193836e+07,6.0590076e+07,6.6915304e+07,6.879393e+07,6.8120104e+07,6.746099e+07,6.808624e+07,7.007676e+07,7.0340104e+07,7.075271e+07,7.1539864e+07,7.380886e+07,7.55374e+07,7.719932e+07,7.899955e+07,8.13964e+07,8.3574296e+07,8.5596904e+07,8.624795e+07,8.699458e+07,8.7356984e+07,8.79666e+07,8.843514e+07,8.917146e+07,9.032792e+07,8.076402e+07,7.101099e+07,6.013639e+07,4.8518296e+07,3.7656188e+07,2.8162322e+07,2.0427604e+07,1.442319e+07,9.987078e+06,6.800628e+06,4.5642595e+06,3.033028e+06,2.0021725e+06,1.318828e+06,868688.75,572537.4,377671.75,249300.25,164688.75,108946.94,72254.46,48051.9,31924.69,21180.438,14080.471,9521.598,6878.5645,5726.0454,0.0,287.7782,222.31499,160.9502,121.04112,103.81196
1.3414609e+07,1.4872691e+07,1.8027374e+07,2.2995802e+07,2.9920102e+07,3.883863e+07,4.9717936e+07,6.1732188e+07,6.86301e+07,7.156821e+07,7.084023e+07,6.896816e+07,6.75721e+07,6.6981424e+07,6.5682172e+07,6.5669292e+07,6.606551e+07,0.0,7.0407016e+07,7.27293e+07,7.516289e+07,7.768028e+07,7.983646e+07,8.249497e+07,8.42784e+07,8.491229e+07,8.489533e+07,8.509409e+07,8.467266e+07,8.316116e+07,7.961389e+07,7.142752e+07,6.257743e+07,5.321246e+07,4.359287e+07,3.4380684e+07,2.6109338e+07,1.9170276e+07,1.3691513e+07,9.560802e+06,6.5493885e+06,4.416469e+06,2.9446068e+06,1.948993e+06,1.2865389e+06,848886.94,560248.06,369935.5,244337.56,161406.5,106656.66,70528.04,46677.535,30899.754,20480.35,13667.482,9347.675,6846.5337,5774.2144,0.0,190.60057,161.05429,128.59122,104.82432,94.2332
1.2983182e+07,1.435865e+07,1.733372e+07,2.200989e+07,2.8526882e+07,3.691182e+07,4.706513e+07,5.8345692e+07,6.5278216e+07,6.824807e+07,6.744076e+07,6.475093e+07,6.193435e+07,6.0225732e+07,6.2187644e+07,6.2929336e+07,6.3238068e+07,6.280025e+07,6.4409972e+07,6.7356296e+07,7.122954e+07,7.3511176e+07,7.375159e+07,7.645747e+07,7.804942e+07,7.9301384e+07,7.864716e+07,7.8172e+07,7.6926264e+07,7.404327e+07,6.875394e+07,6.15598e+07,5.3747776e+07,4.5653212e+07,3.7570456e+07,2.988678e+07,2.2983e+07,1.7114578e+07,1.2380319e+07,8.731968e+06,6.029421e+06,4.0941895e+06,2.7465908e+06,1.8285922e+06,1.2134032e+06,804276.25,532892.75,353024.47,233783.05,154735.4,102358.375,67681.27,44741.02,29579.682,19596.07,13094.206,8986.917,6606.605,5584.4653,0.0,153.61671,135.48073,114.15303,97.5054,90.09241
1.2288765e+07,1.3513853e+07,1.6167832e+07,2.0298806e+07,2.5998466e+07,3.3281082e+07,4.197336e+07,5.1434904e+07,5.7611656e+07,5.973134e+07,5.849836e+07,5.576534e+07,5.565783e+07,5.12702e+07,0.0,0.0,0.0,0.0,5.876981e+07,6.1045944e+07,0.0,0.0,6.5773096e+07,6.7156216e+07,6.8372504e+07,6.9051784e+07,7.070487e+07,6.724415e+07,6.5561132e+07,6.240668e+07,5.7886164e+07,5.1782204e+07,4.5127316e+07,3.829932e+07,3.1572292e+07,2.5247058e+07,1.9570118e+07,1.4713613e+07,1.0755292e+07,7.6605605e+06,5.337323e+06,3.655948e+06,2.4730002e+06,1.6598746e+06,1.1098576e+06,740719.06,493776.2,328828.47,218731.17,145308.34,96399.695,63867.234,42264.996,27955.46,18522.299,12373.078,8475.854,6191.9893,5182.9204,0.0,0.0,0.0,0.0,0.0,0.0
1.1458934e+07,1.2493392e+07,1.4744297e+07,1.8194096e+07,2.2853548e+07,2.865809e+07,3.5278324e+07,4.1798184e+07,4.6457024e+07,4.7886464e+07,4.710705e+07,4.5521524e+07,0.0,3.9908864e+07,3.663046e+07,3.717493e+07,4.0349604e+07,4.552886e+07,5.291899e+07,5.601247e+07,5.4036724e+07,5.3867144e+07,5.7096212e+07,5.82911e+07,5.8820868e+07,5.887075e+07,0.0,5.403001e+07,5.2986668e+07,5.0755004e+07,4.7378184e+07,4.2427764e+07,3.696496e+07,3.1364414e+07,2.588815e+07,2.077104e+07,1.6194938e+07,1.2259571e+07,9.034098e+06,6.4940355e+06,4.5686655e+06,3.1603598e+06,2.1594372e+06,1.4640539e+06,988348.6,665450.7,447104.8,299810.28,200633.56,133980.94,89275.055,59354.703,39380.43,26090.572,17295.873,11535.555,7846.611,5617.4116,4528.104,0.0,834.7157,636.79486,467.90482,361.22598,316.15884
1.0657656e+07,1.1493347e+07,1.3323355e+07,1.6060529e+07,1.9621678e+07,2.3902142e+07,2.8641982e+07,3.3133964e+07,3.6456896e+07,3.743678e+07,3.6868216e+07,3.5261644e+07,3.1939014e+07,3.302739e+07,3.37791e+07,3.570658e+07,3.9174988e+07,4.3999556e+07,4.973682e+07,5.169113e+07,5.08028e+07,5.0540372e+07,5.1328416e+07,5.1590064e+07,5.1155644e+07,5.019063e+07,0.0,4.254337e+07,4.1925944e+07,4.0317092e+07,3.770393e+07,3.384031e+07,2.951221e+07,2.5058878e+07,2.071583e+07,1.6670043e+07,1.3050602e+07,9.939415e+06,7.379071e+06,5.3505545e+06,3.8026005e+06,2.6594758e+06,1.8384884e+06,1.2612776e+06,861118.7,585820.75,397285.38,268623.6,181093.72,121720.25,81561.24,54478.67,36274.66,24089.02,15979.754,10630.897,7150.1753,4920.1157,3448.519,2048.5684,1132.6621,711.38855,483.58234,361.0654,311.93686
1.0056914e+07,1.0718357e+07,1.2181316e+07,1.4292712e+07,1.6839938e+07,1.960407e+07,2.2713524e+07,2.57055e+07,2.7978122e+07,2.8783636e+07,2.860186e+07,2.8229446e+07,2.8969444e+07,2.8313696e+07,3.1690004e+07,3.4648148e+07,3.823579e+07,4.2429732e+07,4.6422476e+07,4.7528036e+07,4.8341148e+07,4.847811e+07,4.8583116e+07,4.815045e+07,4.654525e+07,4.2529256e+07,3.282038e+07,3.2809556e+07,3.242706e+07,3.1293304e+07,2.9218846e+07,2.628328e+07,2.2967266e+07,1.9531026e+07,1.6181427e+07,1.3060669e+07,1.0268269e+07,7.870276e+06,5.887974e+06,4.309364e+06,3.0965825e+06,2.1930105e+06,1.5364079e+06,1.0682751e+06,738636.44,508358.7,348395.12,237809.73,161689.47,109500.805,73853.85,49595.85,33154.773,22068.436,14645.199,9718.672,6480.5444,4361.378,2937.3215,1875.9374,1157.8959,736.0709,494.34674,364.32782,312.41104
9.82222e+06,1.0373174e+07,1.160742e+07,1.3303084e+07,1.5054835e+07,1.6051751e+07,1.7753322e+07,1.9585638e+07,2.106623e+07,2.1725426e+07,2.1758168e+07,2.171552e+07,0.0,2.1403636e+07,0.0,0.0,0.0,0.0,4.124228e+07,4.1143044e+07,0.0,0.0,0.0,0.0,0.0,0.0,2.4067986e+07,2.4411614e+07,2.437668e+07,2.3633818e+07,2.206934e+07,1.992605e+07,1.7471694e+07,1.489489e+07,1.237475e+07,1.0027288e+07,7.9276425e+06,6.118369e+06,4.6185525e+06,3.4180892e+06,2.488478e+06,1.7880182e+06,1.2716295e+06,897264.4,628985.6,438377.22,303897.22,209601.38,143847.4,98225.625,66716.56,45048.758,30218.5,20134.713,13348.104,8832.411,5858.381,3908.6885,2613.8179,1719.1951,1114.3085,729.2067,496.00574,367.02414,314.9224
0.0,0.0,0.0,0.0,0.0,1.2957398e+07,1.3681944e+07,1.4702401e+07,1.5607595e+07,1.6102572e+07,1.6250229e+07,1.6344175e+07,0.0,1.5445861e+07,1.3961441e+07,1.5259395e+07,1.9112704e+07,2.554709e+07,3.3131622e+07,3.2890236e+07,2.4789098e+07,1.8015998e+07,1.3643974e+07,1.1358391e+07,1.0834869e+07,1.2171094e+07,1.6091035e+07,1.7483316e+07,1.7826528e+07,1.7412884e+07,1.6342989e+07,1.483332e+07,1.305835e+07,1.1175496e+07,9.318671e+06,7.5838875e+06,6.0352185e+06,4.704219e+06,3.5962412e+06,2.7008318e+06,1.9980812e+06,1.4597838e+06,1.0554456e+06,756456.4,537989.1,379924.03,266542.9,185834.98,128775.98,88679.125,60648.64,41141.598,27631.297,18356.143,12109.678,7975.303,5274.708,3524.9897,2384.1602,1604.6777,1071.1113,718.17566,496.6099,371.03827,319.75583
0.0,301326.28,398144.06,624375.5,0.0,1.002391e+07,1.0340751e+07,1.088922e+07,1.142125e+07,1.1772838e+07,1.1954355e+07,1.2090848e+07,0.0,1.1996768e+07,1.2018796e+07,1.3377319e+07,1.6239961e+07,2.0315036e+07,2.401048e+07,2.3668362e+07,1.9561378e+07,1.519839e+07,1.197662e+07,1.0100043e+07,9.514807e+06,1.0128586e+07,1.1653759e+07,1.2597345e+07,1.2918776e+07,1.2684012e+07,1.198674e+07,1.0945708e+07,9.684485e+06,8.325368e+06,6.968715e+06,5.6976005e+06,4.577046e+06,3.627526e+06,2.826982e+06,2.1657368e+06,1.6336794e+06,1.2157842e+06,894272.6,651081.06,469659.22,335936.8,238410.86,167944.94,117446.28,81508.35,56071.496,38130.734,25510.076,16723.139,10890.026,7114.2876,4704.9297,3190.691,2247.6914,1556.411,1060.1372,721.8298,504.72522,379.8704,328.56058
0.0,232385.08,281158.75,365028.4,0.0,7.579014e+06,7.7076275e+06,7.9976905e+06,8.308138e+06,8.550872e+06,8.7158e+06,8.855957e+06,0.0,9.420307e+06,9.753599e+06,1.0886133e+07,1.2827675e+07,1.5219231e+07,1.7077904e+07,1.6870388e+07,1.4645963e+07,1.1977591e+07,9.792952e+06,8.392782e+06,7.84004e+06,8.047517e+06,8.733508e+06,9.283218e+06,9.483842e+06,9.317028e+06,8.869762e+06,8.1641905e+06,7.2699135e+06,6.274492e+06,5.2590905e+06,4.3044335e+06,3.5063225e+06,2.8758902e+06,2.3109135e+06,1.8157144e+06,1.3988748e+06,1.0599641e+06,791935.25,584488.5,426716.47,308488.3,221013.81,157003.06,110602.95,77224.984,53333.914,36239.066,23927.799,15049.166,9543.389,6172.3115,4107.7983,2886.2515,2291.3125,0.0,0.0,0.0,0.0,0.0,0.0
0.0,161266.77,183784.0,223363.45,0.0,5.711412e+06,5.7491165e+06,5.897167e+06,6.0784175e+06,6.2429565e+06,6.378203e+06,6.505725e+06,0.0,7.286538e+06,7.597024e+06,8.409336e+06,9.63791e+06,1.0961467e+07,1.185224e+07,1.1724303e+07,1.0558359e+07,9.006439e+06,7.614131e+06,6.653135e+06,6.2286855e+06,6.326983e+06,6.8102885e+06,7.1833285e+06,7.2759735e+06,7.077898e+06,6.8442595e+06,6.3830645e+06,5.7311315e+06,4.956439e+06,4.1212455e+06,3.3023188e+06,2.7375392e+06,2.4619435e+06,2.061545e+06,1.658236e+06,1.2980831e+06,995600.0,751195.75,559021.0,411042.84,299018.3,215413.25,153771.44,108785.59,76215.17,52729.88,35715.46,23034.371,12638.149,7765.0557,5047.8687,3432.234,2504.0435,2093.8955,0.0,0.0,0.0,0.0,0.0,0.0
0.0,106336.03,120027.35,159144.11,0.0,4.405101e+06,4.3975785e+06,4.4680895e+06,4.574745e+06,4.688412e+06,4.797041e+06,4.90849e+06,0.0,5.4981685e+06,5.711708e+06,6.2335715e+06,6.9566155e+06,7.6715255e+06,8.1087265e+06,8.014552e+06,7.399005e+06,6.527115e+06,5.6871135e+06,5.076878e+06,4.8088895e+06,4.9645545e+06,5.780802e+06,6.164338e+06,6.155714e+06,5.6490315e+06,5.812734e+06,5.543632e+06,5.021849e+06,4.337594e+06,3.5197945e+06,2.5036688e+06,2.0711916e+06,0.0,0.0,0.0,0.0,0.0,0.0,0.0,0.0,0.0,0.0,0.0,0.0,0.0,0.0,0.0,0.0,6929.79,5228.294,3750.7517,2715.3733,2085.4155,1812.8608,0.0,0.0,0.0,0.0,0.0,0.0
0.0,64179.234,66764.29,0.0,0.0,3.6079085e+06,3.579781e+06,3.6106698e+06,3.6767992e+06,3.759626e+06,3.8494408e+06,3.9476268e+06,0.0,4.035382e+06,4.1664642e+06,4.483496e+06,4.899686e+06,5.2872365e+06,5.5067025e+06,5.4442395e+06,5.1115835e+06,4.625144e+06,4.1342832e+06,3.7599458e+06,3.5731025e+06,3.5852575e+06,0.0,0.0,0.0,4.263608e+06,0.0,0.0,0.0,0.0,0.0,1.4863014e+06,1.2176969e+06,717412.3,452717.97,297121.28,199065.3,134686.19,91474.47,62160.984,42195.215,28594.049,19351.828,13104.422,8922.3,6177.28,4457.0654,3517.526,3280.233,3925.6626,3428.0667,2714.0957,2112.702,1716.4305,1545.6304,0.0,0.0,0.0,0.0,0.0,0.0
0.0,36001.473,33098.668,22176.426,0.0,3.2710805e+06,3.2347345e+06,3.2490372e+06,3.2975982e+06,3.3664045e+06,3.4472915e+06,3.5391065e+06,0.0,2.8689455e+06,2.9585648e+06,3.1598462e+06,3.405367e+06,3.6208282e+06,3.7344638e+06,3.6973922e+06,3.5162378e+06,3.2470432e+06,2.9673668e+06,2.745698e+06,2.6251615e+06,2.6151725e+06,0.0,18677.506,0.0,3.2299105e+06,0.0,0.0,0.0,0.0,0.0,916007.06,780145.6,569886.44,400024.56,277172.72,190964.25,131087.0,89698.53,61188.777,41615.516,28227.012,19110.234,12940.712,8806.721,6086.5312,4363.027,3363.1194,2905.231,2803.2732,2492.6633,2085.6047,1717.4797,1462.7777,1355.356,0.0,0.0,0.0,0.0,0.0,0.0
0.0,20355.793,18548.195,15745.022,0.0,0.0,0.0,0.0,0.0,0.0,0.0,0.0,0.0,1.9339502e+06,2.0415905e+06,2.2068072e+06,2.3718862e+06,2.5015545e+06,2.565596e+06,2.5457622e+06,2.447417e+06,2.299346e+06,2.1424965e+06,2.015336e+06,1.9440322e+06,1.9385734e+06,0.0,11363.864,0.0,2.4767602e+06,1.9453499e+06,1.590354e+06,1.3813701e+06,1.300517e+06,0.0,593577.94,536846.7,470350.38,363078.2,264609.3,187279.14,130413.98,89926.03,61599.766,41991.723,28519.96,19323.979,13091.537,8909.843,6151.086,4387.2393,3324.3928,2743.5537,2433.8625,2138.723,1827.9529,1550.8472,1356.8867,1277.7902,0.0,0.0,0.0,0.0,0.0,0.0
0.0,12114.199,11396.734,10895.646,0.0,34508.66,42042.785,59282.93,89797.445,140849.61,225962.95,370883.62,628013.0,1.116123e+06,1.3601028e+06,1.5660845e+06,1.7044726e+06,1.7926006e+06,1.8327122e+06,1.8228979e+06,1.768799e+06,1.6864341e+06,1.598206e+06,1.5260888e+06,1.4864761e+06,1.487993e+06,0.0,6718.7334,0.0,0.0,0.0,0.0,0.0,0.0,0.0,401385.06,386724.6,0.0,0.0,0.0,0.0,0.0,0.0,0.0,0.0,0.0,0.0,0.0,0.0,0.0,0.0,0.0,0.0,0.0,0.0,0.0,0.0,0.0,0.0,0.0,0.0,0.0,0.0,0.0,0.0
0.0,7932.8022,7944.626,8508.956,0.0,30673.584,38243.844,54080.766,81086.3,124864.19,194653.14,304693.28,473618.2,709527.94,919190.75,1.2252202e+06,1.3389715e+06,1.3953459e+06,1.4189665e+06,1.412646e+06,1.3802526e+06,1.3310821e+06,1.2783e+06,1.2354898e+06,1.2136895e+06,1.2199111e+06,0.0,4321.991,0.0,0.0,4364.212,4658.308,5262.7607,5876.2896,0.0,274130.66,270467.5,0.0,0.0,0.0,0.0,0.0,0.0,0.0,0.0,0.0,0.0,0.0,0.0,0.0,0.0,0.0,0.0,0.0,0.0,0.0,0.0,0.0,0.0,0.0,0.0,0.0,0.0,0.0,0.0
0.0,5839.3774,6495.678,8769.802,14594.525,23698.803,32946.668,47026.73,69203.914,103303.82,154255.55,227474.6,325443.62,437530.53,521689.06,0.0,1.234005e+06,1.2424462e+06,1.2503418e+06,1.2430122e+06,1.2187064e+06,1.182798e+06,1.1444884e+06,1.1139102e+06,1.0998204e+06,1.1083245e+06,0.0,3467.5522,0.0,0.0,4561.767,5043.4224,6031.001,7134.7915,0.0,185276.73,184847.92,0.0,0.0,0.0,0.0,0.0,0.0,0.0,0.0,0.0,0.0,0.0,0.0,0.0,0.0,0.0,0.0,0.0,0.0,0.0,0.0,0.0,0.0,0.0,0.0,0.0,0.0,0.0,0.0
0.0,4503.9487,5261.2534,7629.3047,13671.05,20979.549,28726.0,40066.99,57134.887,81994.42,116594.34,161719.31,214209.88,261390.97,272814.16,190366.83,0.0,0.0,0.0,0.0,0.0,0.0,0.0,0.0,0.0,0.0,0.0,0.0,0.0,0.0,4960.059,5857.0674,7783.7964,10525.377,0.0,120608.87,122511.15,0.0,0.0,0.0,0.0,0.0,0.0,0.0,0.0,0.0,0.0,0.0,0.0,0.0,0.0,0.0,0.0,0.0,0.0,0.0,0.0,0.0,0.0,0.0,0.0,0.0,0.0,0.0,0.0
0.0,3413.0154,3773.1091,4550.0063,0.0,21767.69,26136.873,34463.387,47113.266,64738.78,87628.98,114806.13,142532.12,162417.45,160921.88,126277.02,83163.56,63914.69,56850.957,0.0,0.0,0.0,0.0,0.0,0.0,12.351268,11.478758,11.114813,0.0,4721.196,5197.8228,6712.619,10115.785,18136.693,41823.855,69699.57,77986.93,0.0,0.0,0.0,0.0,0.0,0.0,0.0,0.0,0.0,0.0,0.0,0.0,0.0,0.0,0.0,0.0,0.0,0.0,0.0,0.0,0.0,0.0,0.0,0.0,0.0,0.0,0.0,0.0
0.0,2685.0068,2822.2766,3113.7864,0.0,21457.486,24406.934,30729.404,40375.484,53318.848,69116.72,86350.67,102004.24,111184.89,108285.086,91426.195,70566.83,60602.56,55780.793,0.0,0.0,0.0,0.0,0.0,0.0,15.246608,13.502604,12.599776,0.0,4772.9585,5358.425,6895.223,9612.193,13186.395,0.0,49878.86,52024.016,0.0,0.0,0.0,0.0,0.0,0.0,0.0,0.0,0.0,0.0,0.0,0.0,0.0,0.0,0.0,0.0,0.0,0.0,0.0,0.0,0.0,0.0,0.0,0.0,0.0,0.0,0.0,0.0
0.0,2374.673,2428.67,2579.069,0.0,21437.441,23849.346,29272.385,37534.96,48352.957,61025.984,74080.8,85021.87,90532.95,87637.484,75959.38,59176.883,0.0,0.0,0.0,0.0,0.0,0.0,0.0,0.0,23.135422,18.34148,15.939489,0.0,0.0,0.0,0.0,0.0,0.0,0.0,34594.37,35166.34,0.0,0.0,0.0,0.0,0.0,0.0,0.0,0.0,0.0,0.0,0.0,0.0,0.0,0.0,0.0,0.0,0.0,0.0,0.0,0.0,0.0,0.0,0.0,0.0,0.0,0.0,0.0,0.0
0.0,0.0,0.0,0.0,0.0,0.0,0.0,0.0,0.0,0.0,0.0,0.0,0.0,0.0,0.0,0.0,39181.766,0.0,932.96967,720.248,499.5834,328.20728,209.03448,129.90569,77.5994,40.552605,25.607561,20.28893,0.0,370.11343,424.24316,547.9589,731.144,917.2295,0.0,23443.383,23660.861,0.0,0.0,0.0,0.0,0.0,0.0,0.0,0.0,0.0,0.0,0.0,0.0,0.0,0.0,0.0,0.0,0.0,0.0,0.0,0.0,0.0,0.0,0.0,0.0,0.0,0.0,0.0,0.0
0.0,0.0,0.0,0.0,0.0,0.0,0.0,0.0,0.0,0.0,0.0,0.0,0.0,0.0,4374.059,0.0,23306.607,0.0,1258.9589,846.6166,534.1911,332.48645,205.93913,126.709724,76.90158,45.8036,29.795433,23.581928,0.0,361.95486,424.12445,576.5197,843.5251,1210.3158,0.0,15315.158,15642.389,0.0,0.0,0.0,0.0,0.0,0.0,0.0,0.0,0.0,0.0,0.0,0.0,0.0,0.0,0.0,0.0,0.0,0.0,0.0,0.0,0.0,0.0,0.0,0.0,0.0,0.0,0.0,0.0
0.0,0.0,0.0,0.0,0.0,0.0,0.0,0.0,0.0,0.0,0.0,0.0,0.0,0.0,4722.599,6237.563,9922.525,5737.782,2196.9434,1044.7727,569.4219,332.95715,201.065,122.98883,75.61305,47.169662,31.765667,25.581678,0.0,351.63626,420.49057,605.63983,1020.6063,2055.3003,5247.9385,9013.624,10151.071,0.0,0.0,0.0,0.0,0.0,0.0,0.0,0.0,0.0,0.0,0.0,0.0,0.0,0.0,0.0,0.0,0.0,0.0,0.0,0.0,0.0,0.0,0.0,0.0,0.0,0.0,0.0,0.0
0.0,0.0,0.0,0.0,0.0,0.0,0.0,0.0,0.0,0.0,0.0,0.0,0.0,0.0,4301.7324,5023.558,6237.563,0.0,1169.1433,774.44403,483.4884,300.12616,186.88148,116.70977,73.2936,47.079777,32.60605,26.732037,0.0,330.83133,386.43152,525.20764,774.2729,1125.7029,0.0,6961.5615,7254.7256,0.0,0.0,0.0,0.0,0.0,0.0,0.0,0.0,0.0,0.0,0.0,0.0,0.0,0.0,0.0,0.0,0.0,0.0,0.0,0.0,0.0,0.0,0.0,0.0,0.0,0.0,0.0,0.0
0.0,0.0,0.0,0.0,0.0,0.0,0.0,0.0,0.0,0.0,0.0,0.0,0.0,0.0,3845.5244,4301.7324,4722.599,0.0,721.5918,557.8043,391.18643,262.00565,171.29706,110.55689,71.23215,46.872154,33.179314,27.591557,0.0,309.59338,348.6166,439.8234,576.90375,719.86523,0.0,5640.1777,5716.9165,0.0,0.0,0.0,0.0,0.0,0.0,0.0,0.0,0.0,0.0,0.0,0.0,0.0,0.0,0.0,0.0,0.0,0.0,0.0,0.0,0.0,0.0,0.0,0.0,0.0,0.0,0.0,0.0
0.0,0.0,0.0,0.0,0.0,0.0,0.0,0.0,0.0,0.0,0.0,0.0,0.0,0.0,3555.1418,0.0,4374.059,0.0,556.03516,460.2383,344.8841,242.78125,164.32237,108.6423,71.2714,47.61598,34.14598,28.630077,0.0,301.2573,330.9126,398.0308,488.69128,570.1131,0.0,5087.334,5112.0327,0.0,0.0,0.0,0.0,0.0,0.0,0.0,0.0,0.0,0.0,0.0,0.0,0.0,0.0,0.0,0.0,0.0,0.0,0.0,0.0,0.0,0.0,0.0,0.0,0.0,0.0,0.0,0.0
